Question,Answer,Context
Dame todas las materias impartidas por el profesor José Roderick Mireles Moreno.,SELECT MATERIA FROM escuela WHERE PROFESOR = 'JOSE RODERICK MIRELES MORENO',"CREATE TABLE escuela (
    CUATRIMESTRE INT,
    TURNO VARCHAR(255),
    IDCARRERAGRUPO VARCHAR(255),
    CARRERA VARCHAR(255),
    NO INT,
    PROFESOR VARCHAR(255),
    MATERIA VARCHAR(255),
    escuela VARCHAR(255),
    DIA VARCHAR(255),
    CANTIDAD  INT,
    GRUPO VARCHAR(255),
    GRUPO_EN_SISTEMA VARCHAR(255),
    AULA VARCHAR(255)
)"
Dame la hora y el profesor del grupo A,"SELECT hora, profesor FROM escuela WHERE GRUPO = 'A'","CREATE TABLE escuela (
    CUATRIMESTRE INT,
    TURNO VARCHAR(255),
    IDCARRERAGRUPO VARCHAR(255),
    CARRERA VARCHAR(255),
    NO INT,
    PROFESOR VARCHAR(255),
    MATERIA VARCHAR(255),
    escuela VARCHAR(255),
    DIA VARCHAR(255),
    CANTIDAD  INT,
    GRUPO VARCHAR(255),
    GRUPO_EN_SISTEMA VARCHAR(255),
    AULA VARCHAR(255)
)"
Dime todos los profesores que imparten la materia Mecatrónica,SELECT PROFESOR FROM escuela WHERE MATERIA = 'MECATRÓNICA',"CREATE TABLE escuela (
    CUATRIMESTRE INT,
    TURNO VARCHAR(255),
    IDCARRERAGRUPO VARCHAR(255),
    CARRERA VARCHAR(255),
    NO INT,
    PROFESOR VARCHAR(255),
    MATERIA VARCHAR(255),
    escuela VARCHAR(255),
    DIA VARCHAR(255),
    CANTIDAD  INT,
    GRUPO VARCHAR(255),
    GRUPO_EN_SISTEMA VARCHAR(255),
    AULA VARCHAR(255)
)"
Dame la cantidad de alumnos por grupo en el cuatrimestre 8 ordenadas por grupo,"SELECT GRUPO, SUM(`CANTIDAD`) AS 'Alumnos' FROM escuela WHERE CUATRIMESTRE = 8 GROUP BY GRUPO","CREATE TABLE escuela (
    CUATRIMESTRE INT,
    TURNO VARCHAR(255),
    IDCARRERAGRUPO VARCHAR(255),
    CARRERA VARCHAR(255),
    NO INT,
    PROFESOR VARCHAR(255),
    MATERIA VARCHAR(255),
    escuela VARCHAR(255),
    DIA VARCHAR(255),
    CANTIDAD  INT,
    GRUPO VARCHAR(255),
    GRUPO_EN_SISTEMA VARCHAR(255),
    AULA VARCHAR(255)
)"
Dime todos los profesores que imparten la materia Inglés V,SELECT PROFESOR FROM escuela WHERE MATERIA = 'INGLÉS V',"CREATE TABLE escuela (
    CUATRIMESTRE INT,
    TURNO VARCHAR(255),
    IDCARRERAGRUPO VARCHAR(255),
    CARRERA VARCHAR(255),
    NO INT,
    PROFESOR VARCHAR(255),
    MATERIA VARCHAR(255),
    escuela VARCHAR(255),
    DIA VARCHAR(255),
    CANTIDAD  INT,
    GRUPO VARCHAR(255),
    GRUPO_EN_SISTEMA VARCHAR(255),
    AULA VARCHAR(255)
)"
Dime todos los profesores que imparten la materia de PROBABILIDAD,SELECT PROFESOR FROM escuela WHERE MATERIA = 'PROBABILIDAD',"CREATE TABLE escuela (
    CUATRIMESTRE INT,
    TURNO VARCHAR(255),
    IDCARRERAGRUPO VARCHAR(255),
    CARRERA VARCHAR(255),
    NO INT,
    PROFESOR VARCHAR(255),
    MATERIA VARCHAR(255),
    escuela VARCHAR(255),
    DIA VARCHAR(255),
    CANTIDAD  INT,
    GRUPO VARCHAR(255),
    GRUPO_EN_SISTEMA VARCHAR(255),
    AULA VARCHAR(255)
)"
Dime todos los profesores que imparten la materia CÓMPUTO EN LA NUBE,SELECT PROFESOR FROM escuela WHERE MATERIA = 'CÓMPUTO EN LA NUBE',"CREATE TABLE escuela (
    CUATRIMESTRE INT,
    TURNO VARCHAR(255),
    IDCARRERAGRUPO VARCHAR(255),
    CARRERA VARCHAR(255),
    NO INT,
    PROFESOR VARCHAR(255),
    MATERIA VARCHAR(255),
    escuela VARCHAR(255),
    DIA VARCHAR(255),
    CANTIDAD  INT,
    GRUPO VARCHAR(255),
    GRUPO_EN_SISTEMA VARCHAR(255),
    AULA VARCHAR(255)
)"
Dime todos los profesores que imparten la materia ADMINISTRACIÓN FINANCIERA,SELECT PROFESOR FROM escuela WHERE MATERIA = 'ADMINISTRACIÓN FINANCIERA',"CREATE TABLE escuela (
    CUATRIMESTRE INT,
    TURNO VARCHAR(255),
    IDCARRERAGRUPO VARCHAR(255),
    CARRERA VARCHAR(255),
    NO INT,
    PROFESOR VARCHAR(255),
    MATERIA VARCHAR(255),
    escuela VARCHAR(255),
    DIA VARCHAR(255),
    CANTIDAD  INT,
    GRUPO VARCHAR(255),
    GRUPO_EN_SISTEMA VARCHAR(255),
    AULA VARCHAR(255)
)"
Dime todos los profesores que imparten la materia ÉTICA,SELECT PROFESOR FROM escuela WHERE MATERIA = 'ÉTICA',"CREATE TABLE escuela (
    CUATRIMESTRE INT,
    TURNO VARCHAR(255),
    IDCARRERAGRUPO VARCHAR(255),
    CARRERA VARCHAR(255),
    NO INT,
    PROFESOR VARCHAR(255),
    MATERIA VARCHAR(255),
    escuela VARCHAR(255),
    DIA VARCHAR(255),
    CANTIDAD  INT,
    GRUPO VARCHAR(255),
    GRUPO_EN_SISTEMA VARCHAR(255),
    AULA VARCHAR(255)
)"
Dame todas las materias que no son  impartidas los sábados.,SELECT MATERIA FROM escuela WHERE DIA = 'SABADO',"CREATE TABLE escuela (
    CUATRIMESTRE INT,
    TURNO VARCHAR(255),
    IDCARRERAGRUPO VARCHAR(255),
    CARRERA VARCHAR(255),
    NO INT,
    PROFESOR VARCHAR(255),
    MATERIA VARCHAR(255),
    escuela VARCHAR(255),
    DIA VARCHAR(255),
    CANTIDAD  INT,
    GRUPO VARCHAR(255),
    GRUPO_EN_SISTEMA VARCHAR(255),
    AULA VARCHAR(255)
)"
Dame todas las materias que no son  impartidas los Miercoles.,SELECT MATERIA FROM escuela WHERE DIA = 'MIERCOLES',"CREATE TABLE escuela (
    CUATRIMESTRE INT,
    TURNO VARCHAR(255),
    IDCARRERAGRUPO VARCHAR(255),
    CARRERA VARCHAR(255),
    NO INT,
    PROFESOR VARCHAR(255),
    MATERIA VARCHAR(255),
    escuela VARCHAR(255),
    DIA VARCHAR(255),
    CANTIDAD  INT,
    GRUPO VARCHAR(255),
    GRUPO_EN_SISTEMA VARCHAR(255),
    AULA VARCHAR(255)
)"
Dame todas las materias que no son  impartidas los Jueves.,SELECT MATERIA FROM escuela WHERE DIA = 'JUEVES',"CREATE TABLE escuela (
    CUATRIMESTRE INT,
    TURNO VARCHAR(255),
    IDCARRERAGRUPO VARCHAR(255),
    CARRERA VARCHAR(255),
    NO INT,
    PROFESOR VARCHAR(255),
    MATERIA VARCHAR(255),
    escuela VARCHAR(255),
    DIA VARCHAR(255),
    CANTIDAD  INT,
    GRUPO VARCHAR(255),
    GRUPO_EN_SISTEMA VARCHAR(255),
    AULA VARCHAR(255)
)"
Dame los clases del profesor  Tello,SELECT * FROM escuela WHERE PROFESOR LIKE '%TELLO%',"CREATE TABLE escuela (
    CUATRIMESTRE INT,
    TURNO VARCHAR(255),
    IDCARRERAGRUPO VARCHAR(255),
    CARRERA VARCHAR(255),
    NO INT,
    PROFESOR VARCHAR(255),
    MATERIA VARCHAR(255),
    escuela VARCHAR(255),
    DIA VARCHAR(255),
    CANTIDAD  INT,
    GRUPO VARCHAR(255),
    GRUPO_EN_SISTEMA VARCHAR(255),
    AULA VARCHAR(255)
)"
Dame los clsases del profesor  Refugio,SELECT * FROM escuela WHERE PROFESOR LIKE '%REFUGIO%',"CREATE TABLE escuela (
    CUATRIMESTRE INT,
    TURNO VARCHAR(255),
    IDCARRERAGRUPO VARCHAR(255),
    CARRERA VARCHAR(255),
    NO INT,
    PROFESOR VARCHAR(255),
    MATERIA VARCHAR(255),
    escuela VARCHAR(255),
    DIA VARCHAR(255),
    CANTIDAD  INT,
    GRUPO VARCHAR(255),
    GRUPO_EN_SISTEMA VARCHAR(255),
    AULA VARCHAR(255)
)"
Dame los escuela y el profesor de la materia Probabilidad y Estadística,"SELECT hora, profesor FROM escuela WHERE MATERIA = 'PROBABILIDAD Y ESTADÍSTICA'","CREATE TABLE escuela (
    CUATRIMESTRE INT,
    TURNO VARCHAR(255),
    IDCARRERAGRUPO VARCHAR(255),
    CARRERA VARCHAR(255),
    NO INT,
    PROFESOR VARCHAR(255),
    MATERIA VARCHAR(255),
    escuela VARCHAR(255),
    DIA VARCHAR(255),
    CANTIDAD  INT,
    GRUPO VARCHAR(255),
    GRUPO_EN_SISTEMA VARCHAR(255),
    AULA VARCHAR(255)
)"
Dame todos los profesores que imparten clases los jueves,SELECT DISTINCT PROFESOR FROM escuela WHERE DIA = 'JUEVES';,"CREATE TABLE escuela (
    CUATRIMESTRE INT,
    TURNO VARCHAR(255),
    IDCARRERAGRUPO VARCHAR(255),
    CARRERA VARCHAR(255),
    NO INT,
    PROFESOR VARCHAR(255),
    MATERIA VARCHAR(255),
    escuela VARCHAR(255),
    DIA VARCHAR(255),
    CANTIDAD  INT,
    GRUPO VARCHAR(255),
    GRUPO_EN_SISTEMA VARCHAR(255),
    AULA VARCHAR(255)
)"
Dame la hora a la que  materia de MERCADOTECNIA se imparte en el grupo A,SELECT hora FROM escuela WHERE MATERIA = 'MERCADOTECNIA ' AND GRUPO = 'A',"CREATE TABLE escuela (
    CUATRIMESTRE INT,
    TURNO VARCHAR(255),
    IDCARRERAGRUPO VARCHAR(255),
    CARRERA VARCHAR(255),
    NO INT,
    PROFESOR VARCHAR(255),
    MATERIA VARCHAR(255),
    escuela VARCHAR(255),
    DIA VARCHAR(255),
    CANTIDAD  INT,
    GRUPO VARCHAR(255),
    GRUPO_EN_SISTEMA VARCHAR(255),
    AULA VARCHAR(255)
)"
Dame la cantidad de grupos en cada cuatrimestre.,"SELECT CUATRIMESTRE, COUNT(DISTINCT GRUPO) AS 'Grupos' FROM escuela GROUP BY CUATRIMESTRE;","CREATE TABLE escuela (
    CUATRIMESTRE INT,
    TURNO VARCHAR(255),
    IDCARRERAGRUPO VARCHAR(255),
    CARRERA VARCHAR(255),
    NO INT,
    PROFESOR VARCHAR(255),
    MATERIA VARCHAR(255),
    escuela VARCHAR(255),
    DIA VARCHAR(255),
    CANTIDAD  INT,
    GRUPO VARCHAR(255),
    GRUPO_EN_SISTEMA VARCHAR(255),
    AULA VARCHAR(255)
)"
Dame la cantidad de grupos en cada cuatrimestre.,"SELECT CUATRIMESTRE, COUNT(DISTINCT GRUPO) AS 'Grupos' FROM escuela GROUP BY CUATRIMESTRE;","CREATE TABLE escuela (
    CUATRIMESTRE INT,
    TURNO VARCHAR(255),
    IDCARRERAGRUPO VARCHAR(255),
    CARRERA VARCHAR(255),
    NO INT,
    PROFESOR VARCHAR(255),
    MATERIA VARCHAR(255),
    escuela VARCHAR(255),
    DIA VARCHAR(255),
    CANTIDAD  INT,
    GRUPO VARCHAR(255),
    GRUPO_EN_SISTEMA VARCHAR(255),
    AULA VARCHAR(255)
)"
Dame la hora a la que  materia de MERCADOTECNIA  se imparte en el grupo B,SELECT hora FROM escuela WHERE MATERIA = 'MERCADOTECNIA ' AND GRUPO = 'B',"CREATE TABLE escuela (
    CUATRIMESTRE INT,
    TURNO VARCHAR(255),
    IDCARRERAGRUPO VARCHAR(255),
    CARRERA VARCHAR(255),
    NO INT,
    PROFESOR VARCHAR(255),
    MATERIA VARCHAR(255),
    escuela VARCHAR(255),
    DIA VARCHAR(255),
    CANTIDAD  INT,
    GRUPO VARCHAR(255),
    GRUPO_EN_SISTEMA VARCHAR(255),
    AULA VARCHAR(255)
)"
Dame la hora a la que  materia de MERCADOTECNIA  se imparte en el grupo C,SELECT hora FROM escuela WHERE MATERIA = 'MERCADOTECNIA ' AND GRUPO = 'C',"CREATE TABLE escuela (
    CUATRIMESTRE INT,
    TURNO VARCHAR(255),
    IDCARRERAGRUPO VARCHAR(255),
    CARRERA VARCHAR(255),
    NO INT,
    PROFESOR VARCHAR(255),
    MATERIA VARCHAR(255),
    escuela VARCHAR(255),
    DIA VARCHAR(255),
    CANTIDAD  INT,
    GRUPO VARCHAR(255),
    GRUPO_EN_SISTEMA VARCHAR(255),
    AULA VARCHAR(255)
)"
Dame la hora a la que  materia de Mecatrónica  se imparte en el grupo A,SELECT hora FROM escuela WHERE MATERIA = 'MECATRÓNICA' AND GRUPO = 'A',"CREATE TABLE escuela (
    CUATRIMESTRE INT,
    TURNO VARCHAR(255),
    IDCARRERAGRUPO VARCHAR(255),
    CARRERA VARCHAR(255),
    NO INT,
    PROFESOR VARCHAR(255),
    MATERIA VARCHAR(255),
    escuela VARCHAR(255),
    DIA VARCHAR(255),
    CANTIDAD  INT,
    GRUPO VARCHAR(255),
    GRUPO_EN_SISTEMA VARCHAR(255),
    AULA VARCHAR(255)
)"
Dame la hora a la que  materia de Mecatrónica  se imparte en el grupo B,SELECT hora FROM escuela WHERE MATERIA = 'MECATRÓNICA' AND GRUPO = 'B',"CREATE TABLE escuela (
    CUATRIMESTRE INT,
    TURNO VARCHAR(255),
    IDCARRERAGRUPO VARCHAR(255),
    CARRERA VARCHAR(255),
    NO INT,
    PROFESOR VARCHAR(255),
    MATERIA VARCHAR(255),
    escuela VARCHAR(255),
    DIA VARCHAR(255),
    CANTIDAD  INT,
    GRUPO VARCHAR(255),
    GRUPO_EN_SISTEMA VARCHAR(255),
    AULA VARCHAR(255)
)"
Dame la hora a la que  materia de Mecatrónica  se imparte en el grupo C,SELECT hora FROM escuela WHERE MATERIA = 'MECATRÓNICA' AND GRUPO = 'C',"CREATE TABLE escuela (
    CUATRIMESTRE INT,
    TURNO VARCHAR(255),
    IDCARRERAGRUPO VARCHAR(255),
    CARRERA VARCHAR(255),
    NO INT,
    PROFESOR VARCHAR(255),
    MATERIA VARCHAR(255),
    escuela VARCHAR(255),
    DIA VARCHAR(255),
    CANTIDAD  INT,
    GRUPO VARCHAR(255),
    GRUPO_EN_SISTEMA VARCHAR(255),
    AULA VARCHAR(255)
)"
Dame la hora a la que  materia Investigación en Ciencia y Tecnología se imparte en el grupo A,SELECT hora FROM escuela WHERE MATERIA = 'INVESTIGACIÓN EN CIENCIA Y TECNOLOGÍA' AND GRUPO = 'A',"CREATE TABLE escuela (
    CUATRIMESTRE INT,
    TURNO VARCHAR(255),
    IDCARRERAGRUPO VARCHAR(255),
    CARRERA VARCHAR(255),
    NO INT,
    PROFESOR VARCHAR(255),
    MATERIA VARCHAR(255),
    escuela VARCHAR(255),
    DIA VARCHAR(255),
    CANTIDAD  INT,
    GRUPO VARCHAR(255),
    GRUPO_EN_SISTEMA VARCHAR(255),
    AULA VARCHAR(255)
)"
Dame la hora a la que  materia Investigación en Ciencia y Tecnología se imparte en el grupo B,SELECT hora FROM escuela WHERE MATERIA = 'INVESTIGACIÓN EN CIENCIA Y TECNOLOGÍA' AND GRUPO = 'B',"CREATE TABLE escuela (
    CUATRIMESTRE INT,
    TURNO VARCHAR(255),
    IDCARRERAGRUPO VARCHAR(255),
    CARRERA VARCHAR(255),
    NO INT,
    PROFESOR VARCHAR(255),
    MATERIA VARCHAR(255),
    escuela VARCHAR(255),
    DIA VARCHAR(255),
    CANTIDAD  INT,
    GRUPO VARCHAR(255),
    GRUPO_EN_SISTEMA VARCHAR(255),
    AULA VARCHAR(255)
)"
Dame la hora a la que  materia Investigación en Ciencia y Tecnología se imparte en el grupo C,SELECT hora FROM escuela WHERE MATERIA = 'INVESTIGACIÓN EN CIENCIA Y TECNOLOGÍA' AND GRUPO = 'C',"CREATE TABLE escuela (
    CUATRIMESTRE INT,
    TURNO VARCHAR(255),
    IDCARRERAGRUPO VARCHAR(255),
    CARRERA VARCHAR(255),
    NO INT,
    PROFESOR VARCHAR(255),
    MATERIA VARCHAR(255),
    escuela VARCHAR(255),
    DIA VARCHAR(255),
    CANTIDAD  INT,
    GRUPO VARCHAR(255),
    GRUPO_EN_SISTEMA VARCHAR(255),
    AULA VARCHAR(255)
)"
Dame todas las materias impartidas por el profesor TAMAYO HERNANDEZ JORGE  en el cuatrimestre 2,SELECT MATERIA FROM escuela WHERE PROFESOR LIKE '%TAMAYO HERNANDEZ JORGE%' AND CUATRIMESTRE = 2,"CREATE TABLE escuela (
    CUATRIMESTRE INT,
    TURNO VARCHAR(255),
    IDCARRERAGRUPO VARCHAR(255),
    CARRERA VARCHAR(255),
    NO INT,
    PROFESOR VARCHAR(255),
    MATERIA VARCHAR(255),
    escuela VARCHAR(255),
    DIA VARCHAR(255),
    CANTIDAD  INT,
    GRUPO VARCHAR(255),
    GRUPO_EN_SISTEMA VARCHAR(255),
    AULA VARCHAR(255)
)"
Dame todas las materias impartidas por el profesor Juan TAMAYO HERNANDEZ JORGE en el cuatrimestre 5,SELECT MATERIA FROM escuela WHERE PROFESOR LIKE '%TAMAYO HERNANDEZ JORGE%' AND CUATRIMESTRE = 5,"CREATE TABLE escuela (
    CUATRIMESTRE INT,
    TURNO VARCHAR(255),
    IDCARRERAGRUPO VARCHAR(255),
    CARRERA VARCHAR(255),
    NO INT,
    PROFESOR VARCHAR(255),
    MATERIA VARCHAR(255),
    escuela VARCHAR(255),
    DIA VARCHAR(255),
    CANTIDAD  INT,
    GRUPO VARCHAR(255),
    GRUPO_EN_SISTEMA VARCHAR(255),
    AULA VARCHAR(255)
)"
Dame todas las materias impartidas por el profesor TAMAYO HERNANDEZ JORGE en el cuatrimestre 8,SELECT MATERIA FROM escuela WHERE PROFESOR LIKE '%TAMAYO HERNANDEZ JORGE%' AND CUATRIMESTRE =8,"CREATE TABLE escuela (
    CUATRIMESTRE INT,
    TURNO VARCHAR(255),
    IDCARRERAGRUPO VARCHAR(255),
    CARRERA VARCHAR(255),
    NO INT,
    PROFESOR VARCHAR(255),
    MATERIA VARCHAR(255),
    escuela VARCHAR(255),
    DIA VARCHAR(255),
    CANTIDAD  INT,
    GRUPO VARCHAR(255),
    GRUPO_EN_SISTEMA VARCHAR(255),
    AULA VARCHAR(255)
)"
Dame todas las materias impartidas por el profesor Juan Andrés García Morales en el cuatrimestre 2,SELECT MATERIA FROM escuela WHERE PROFESOR LIKE '%GARCIA MORALES JUAN ANDRES%' AND CUATRIMESTRE = 2,"CREATE TABLE escuela (
    CUATRIMESTRE INT,
    TURNO VARCHAR(255),
    IDCARRERAGRUPO VARCHAR(255),
    CARRERA VARCHAR(255),
    NO INT,
    PROFESOR VARCHAR(255),
    MATERIA VARCHAR(255),
    escuela VARCHAR(255),
    DIA VARCHAR(255),
    CANTIDAD  INT,
    GRUPO VARCHAR(255),
    GRUPO_EN_SISTEMA VARCHAR(255),
    AULA VARCHAR(255)
)"
Dame todas las materias impartidas por el profesor Juan Andrés García Morales en el cuatrimestre 5,SELECT MATERIA FROM escuela WHERE PROFESOR LIKE '%GARCIA MORALES JUAN ANDRES%' AND CUATRIMESTRE = 5,"CREATE TABLE escuela (
    CUATRIMESTRE INT,
    TURNO VARCHAR(255),
    IDCARRERAGRUPO VARCHAR(255),
    CARRERA VARCHAR(255),
    NO INT,
    PROFESOR VARCHAR(255),
    MATERIA VARCHAR(255),
    escuela VARCHAR(255),
    DIA VARCHAR(255),
    CANTIDAD  INT,
    GRUPO VARCHAR(255),
    GRUPO_EN_SISTEMA VARCHAR(255),
    AULA VARCHAR(255)
)"
Dame todas las materias impartidas por el profesor Juan Andrés García Morales en el cuatrimestre 8,SELECT MATERIA FROM escuela WHERE PROFESOR LIKE '%GARCIA MORALES JUAN ANDRES%' AND CUATRIMESTRE =8,"CREATE TABLE escuela (
    CUATRIMESTRE INT,
    TURNO VARCHAR(255),
    IDCARRERAGRUPO VARCHAR(255),
    CARRERA VARCHAR(255),
    NO INT,
    PROFESOR VARCHAR(255),
    MATERIA VARCHAR(255),
    escuela VARCHAR(255),
    DIA VARCHAR(255),
    CANTIDAD  INT,
    GRUPO VARCHAR(255),
    GRUPO_EN_SISTEMA VARCHAR(255),
    AULA VARCHAR(255)
)"
Dime las  materias  y hora  de la  carrera de MERCADOTECNIA,"SELECT MATERIA, hora FROM escuela WHERE CARRERA = 'MERCADOTECNIA'","CREATE TABLE escuela (
    CUATRIMESTRE INT,
    TURNO VARCHAR(255),
    IDCARRERAGRUPO VARCHAR(255),
    CARRERA VARCHAR(255),
    NO INT,
    PROFESOR VARCHAR(255),
    MATERIA VARCHAR(255),
    escuela VARCHAR(255),
    DIA VARCHAR(255),
    CANTIDAD  INT,
    GRUPO VARCHAR(255),
    GRUPO_EN_SISTEMA VARCHAR(255),
    AULA VARCHAR(255)
)"
Dime las  materias  y hora  de la  carrera de INDUSTRIAL,"SELECT MATERIA, hora FROM escuela WHERE CARRERA = 'INDUSTRIAL'","CREATE TABLE escuela (
    CUATRIMESTRE INT,
    TURNO VARCHAR(255),
    IDCARRERAGRUPO VARCHAR(255),
    CARRERA VARCHAR(255),
    NO INT,
    PROFESOR VARCHAR(255),
    MATERIA VARCHAR(255),
    escuela VARCHAR(255),
    DIA VARCHAR(255),
    CANTIDAD  INT,
    GRUPO VARCHAR(255),
    GRUPO_EN_SISTEMA VARCHAR(255),
    AULA VARCHAR(255)
)"
Dime las  materias  y hora  de la  carrera de Administración,"SELECT MATERIA, hora FROM escuela WHERE CARRERA = 'ADMINISTRACION'","CREATE TABLE escuela (
    CUATRIMESTRE INT,
    TURNO VARCHAR(255),
    IDCARRERAGRUPO VARCHAR(255),
    CARRERA VARCHAR(255),
    NO INT,
    PROFESOR VARCHAR(255),
    MATERIA VARCHAR(255),
    escuela VARCHAR(255),
    DIA VARCHAR(255),
    CANTIDAD  INT,
    GRUPO VARCHAR(255),
    GRUPO_EN_SISTEMA VARCHAR(255),
    AULA VARCHAR(255)
)"
Dame todos los profesores que no imparten clases los sábados.,SELECT DISTINCT PROFESOR FROM escuela WHERE DIA = 'SABADO';,"CREATE TABLE escuela (
    CUATRIMESTRE INT,
    TURNO VARCHAR(255),
    IDCARRERAGRUPO VARCHAR(255),
    CARRERA VARCHAR(255),
    NO INT,
    PROFESOR VARCHAR(255),
    MATERIA VARCHAR(255),
    escuela VARCHAR(255),
    DIA VARCHAR(255),
    CANTIDAD  INT,
    GRUPO VARCHAR(255),
    GRUPO_EN_SISTEMA VARCHAR(255),
    AULA VARCHAR(255)
)"
Dime en que cuatrimestre y a que hora se da la materia de Ética y Desarrollo Profesional ,"SELECT CUATRIMESTRE, hora FROM escuela WHERE MATERIA = 'ÉTICA Y DESARROLLO PROFESIONAL'","CREATE TABLE escuela (
    CUATRIMESTRE INT,
    TURNO VARCHAR(255),
    IDCARRERAGRUPO VARCHAR(255),
    CARRERA VARCHAR(255),
    NO INT,
    PROFESOR VARCHAR(255),
    MATERIA VARCHAR(255),
    escuela VARCHAR(255),
    DIA VARCHAR(255),
    CANTIDAD  INT,
    GRUPO VARCHAR(255),
    GRUPO_EN_SISTEMA VARCHAR(255),
    AULA VARCHAR(255)
)"
Dame todos los profesores que no imparten clases en TEAMS.,SELECT DISTINCT PROFESOR FROM escuela WHERE AULA = 'TEAMS';,"CREATE TABLE escuela (
    CUATRIMESTRE INT,
    TURNO VARCHAR(255),
    IDCARRERAGRUPO VARCHAR(255),
    CARRERA VARCHAR(255),
    NO INT,
    PROFESOR VARCHAR(255),
    MATERIA VARCHAR(255),
    escuela VARCHAR(255),
    DIA VARCHAR(255),
    CANTIDAD  INT,
    GRUPO VARCHAR(255),
    GRUPO_EN_SISTEMA VARCHAR(255),
    AULA VARCHAR(255)
)"
Dime en que CARRERA y a que hora se da la materia de Ética y Desarrollo Profesional ,"SELECT CARRERA , hora FROM escuela WHERE MATERIA = 'ÉTICA Y DESARROLLO PROFESIONAL'","CREATE TABLE escuela (
    CUATRIMESTRE INT,
    TURNO VARCHAR(255),
    IDCARRERAGRUPO VARCHAR(255),
    CARRERA VARCHAR(255),
    NO INT,
    PROFESOR VARCHAR(255),
    MATERIA VARCHAR(255),
    escuela VARCHAR(255),
    DIA VARCHAR(255),
    CANTIDAD  INT,
    GRUPO VARCHAR(255),
    GRUPO_EN_SISTEMA VARCHAR(255),
    AULA VARCHAR(255)
)"
Dime en que CARRERA y a que hora se da la materia de Ética y Desarrollo Profesional ,"SELECT CARRERA, hora FROM escuela WHERE MATERIA = 'ÉTICA Y DESARROLLO PROFESIONAL'","CREATE TABLE escuela (
    CUATRIMESTRE INT,
    TURNO VARCHAR(255),
    IDCARRERAGRUPO VARCHAR(255),
    CARRERA VARCHAR(255),
    NO INT,
    PROFESOR VARCHAR(255),
    MATERIA VARCHAR(255),
    escuela VARCHAR(255),
    DIA VARCHAR(255),
    CANTIDAD  INT,
    GRUPO VARCHAR(255),
    GRUPO_EN_SISTEMA VARCHAR(255),
    AULA VARCHAR(255)
)"
Dame la matería y el horario de la carrera de Tecnologías de la Información en el 2 cuatrimestre ,"SELECT MATERIA, hora FROM escuela WHERE CARRERA = 'TECNOLOGÍAS DE LA INFORMACIÓN' AND CUATRIMESTRE = 2","CREATE TABLE escuela (
    CUATRIMESTRE INT,
    TURNO VARCHAR(255),
    IDCARRERAGRUPO VARCHAR(255),
    CARRERA VARCHAR(255),
    NO INT,
    PROFESOR VARCHAR(255),
    MATERIA VARCHAR(255),
    escuela VARCHAR(255),
    DIA VARCHAR(255),
    CANTIDAD  INT,
    GRUPO VARCHAR(255),
    GRUPO_EN_SISTEMA VARCHAR(255),
    AULA VARCHAR(255)
)"
Dame la matería y el horario de la carrera de Tecnologías de la Información en el 4 cuatrimestre ,"SELECT MATERIA, hora FROM escuela WHERE CARRERA = 'TECNOLOGÍAS DE LA INFORMACIÓN' AND CUATRIMESTRE = 4","CREATE TABLE escuela (
    CUATRIMESTRE INT,
    TURNO VARCHAR(255),
    IDCARRERAGRUPO VARCHAR(255),
    CARRERA VARCHAR(255),
    NO INT,
    PROFESOR VARCHAR(255),
    MATERIA VARCHAR(255),
    escuela VARCHAR(255),
    DIA VARCHAR(255),
    CANTIDAD  INT,
    GRUPO VARCHAR(255),
    GRUPO_EN_SISTEMA VARCHAR(255),
    AULA VARCHAR(255)
)"
Dame la matería y el horario de la carrera de Tecnologías de la Información en el 8 cuatrimestre ,"SELECT MATERIA, hora FROM escuela WHERE CARRERA = 'TECNOLOGÍAS DE LA INFORMACIÓN' AND CUATRIMESTRE = 8","CREATE TABLE escuela (
    CUATRIMESTRE INT,
    TURNO VARCHAR(255),
    IDCARRERAGRUPO VARCHAR(255),
    CARRERA VARCHAR(255),
    NO INT,
    PROFESOR VARCHAR(255),
    MATERIA VARCHAR(255),
    escuela VARCHAR(255),
    DIA VARCHAR(255),
    CANTIDAD  INT,
    GRUPO VARCHAR(255),
    GRUPO_EN_SISTEMA VARCHAR(255),
    AULA VARCHAR(255)
)"
Dame el número total de alumnos por carrera,"SELECT CARRERA, SUM(`CANTIDAD`) AS 'Total de Alumnos' FROM escuela GROUP BY CARRERA","CREATE TABLE escuela (
    CUATRIMESTRE INT,
    TURNO VARCHAR(255),
    IDCARRERAGRUPO VARCHAR(255),
    CARRERA VARCHAR(255),
    NO INT,
    PROFESOR VARCHAR(255),
    MATERIA VARCHAR(255),
    escuela VARCHAR(255),
    DIA VARCHAR(255),
    CANTIDAD  INT,
    GRUPO VARCHAR(255),
    GRUPO_EN_SISTEMA VARCHAR(255),
    AULA VARCHAR(255)
)"
Dame todas las materias que no se imparten en el aula B6.,SELECT DISTINCT MATERIA FROM escuela WHERE AULA = 'B6',"CREATE TABLE escuela (
    CUATRIMESTRE INT,
    TURNO VARCHAR(255),
    IDCARRERAGRUPO VARCHAR(255),
    CARRERA VARCHAR(255),
    NO INT,
    PROFESOR VARCHAR(255),
    MATERIA VARCHAR(255),
    escuela VARCHAR(255),
    DIA VARCHAR(255),
    CANTIDAD  INT,
    GRUPO VARCHAR(255),
    GRUPO_EN_SISTEMA VARCHAR(255),
    AULA VARCHAR(255)
)"
Dime  a que horas se imparte la materia Seminario en Automatización y Control en el turno sabatino.,SELECT hora FROM escuela WHERE MATERIA = 'SEMINARIO EN AUTOMATIZACIÓN Y CONTROL' AND TURNO = 'SABATINO',"CREATE TABLE escuela (
    CUATRIMESTRE INT,
    TURNO VARCHAR(255),
    IDCARRERAGRUPO VARCHAR(255),
    CARRERA VARCHAR(255),
    NO INT,
    PROFESOR VARCHAR(255),
    MATERIA VARCHAR(255),
    escuela VARCHAR(255),
    DIA VARCHAR(255),
    CANTIDAD  INT,
    GRUPO VARCHAR(255),
    GRUPO_EN_SISTEMA VARCHAR(255),
    AULA VARCHAR(255)
)"
Dime  a que horas se imparte la materia Seminario en Automatización y Control en el turno MATUTINO.,SELECT hora FROM escuela WHERE MATERIA = 'SEMINARIO EN AUTOMATIZACIÓN Y CONTROL' AND TURNO = 'MATUTINO',"CREATE TABLE escuela (
    CUATRIMESTRE INT,
    TURNO VARCHAR(255),
    IDCARRERAGRUPO VARCHAR(255),
    CARRERA VARCHAR(255),
    NO INT,
    PROFESOR VARCHAR(255),
    MATERIA VARCHAR(255),
    escuela VARCHAR(255),
    DIA VARCHAR(255),
    CANTIDAD  INT,
    GRUPO VARCHAR(255),
    GRUPO_EN_SISTEMA VARCHAR(255),
    AULA VARCHAR(255)
)"
Cuales son los materias que tiene asignado el auditorio como aula ,SELECT MATERIA FROM escuela WHERE AULA = 'AUDITORIO',"CREATE TABLE escuela (
    CUATRIMESTRE INT,
    TURNO VARCHAR(255),
    IDCARRERAGRUPO VARCHAR(255),
    CARRERA VARCHAR(255),
    NO INT,
    PROFESOR VARCHAR(255),
    MATERIA VARCHAR(255),
    escuela VARCHAR(255),
    DIA VARCHAR(255),
    CANTIDAD  INT,
    GRUPO VARCHAR(255),
    GRUPO_EN_SISTEMA VARCHAR(255),
    AULA VARCHAR(255)
)"
Cuales son los materias que tiene asignado el aula A1 ,SELECT MATERIA FROM escuela WHERE AULA = 'A1',"CREATE TABLE escuela (
    CUATRIMESTRE INT,
    TURNO VARCHAR(255),
    IDCARRERAGRUPO VARCHAR(255),
    CARRERA VARCHAR(255),
    NO INT,
    PROFESOR VARCHAR(255),
    MATERIA VARCHAR(255),
    escuela VARCHAR(255),
    DIA VARCHAR(255),
    CANTIDAD  INT,
    GRUPO VARCHAR(255),
    GRUPO_EN_SISTEMA VARCHAR(255),
    AULA VARCHAR(255)
)"
Cuales son los materias que tiene asignado el aula B6 ,SELECT MATERIA FROM escuela WHERE AULA = 'B6',"CREATE TABLE escuela (
    CUATRIMESTRE INT,
    TURNO VARCHAR(255),
    IDCARRERAGRUPO VARCHAR(255),
    CARRERA VARCHAR(255),
    NO INT,
    PROFESOR VARCHAR(255),
    MATERIA VARCHAR(255),
    escuela VARCHAR(255),
    DIA VARCHAR(255),
    CANTIDAD  INT,
    GRUPO VARCHAR(255),
    GRUPO_EN_SISTEMA VARCHAR(255),
    AULA VARCHAR(255)
)"
cuales son las materia impartidas por el profesor LEDESMA BASALDUA MA GUADALUPE,SELECT MATERIA  FROM escuela  WHERE PROFESOR = 'LEDESMA BASALDUA MA GUADALUPE',"CREATE TABLE escuela (
    CUATRIMESTRE INT,
    TURNO VARCHAR(255),
    IDCARRERAGRUPO VARCHAR(255),
    CARRERA VARCHAR(255),
    NO INT,
    PROFESOR VARCHAR(255),
    MATERIA VARCHAR(255),
    escuela VARCHAR(255),
    DIA VARCHAR(255),
    CANTIDAD  INT,
    GRUPO VARCHAR(255),
    GRUPO_EN_SISTEMA VARCHAR(255),
    AULA VARCHAR(255)
)"
cuales son las materia impartidas por el profesor RAMIREZ CRUZ DAVID,SELECT MATERIA  FROM escuela  WHERE PROFESOR = 'RAMIREZ CRUZ DAVID',"CREATE TABLE escuela (
    CUATRIMESTRE INT,
    TURNO VARCHAR(255),
    IDCARRERAGRUPO VARCHAR(255),
    CARRERA VARCHAR(255),
    NO INT,
    PROFESOR VARCHAR(255),
    MATERIA VARCHAR(255),
    escuela VARCHAR(255),
    DIA VARCHAR(255),
    CANTIDAD  INT,
    GRUPO VARCHAR(255),
    GRUPO_EN_SISTEMA VARCHAR(255),
    AULA VARCHAR(255)
)"
"¿Cuál es la hora el grupo y el dia  de la materia ""INGLÉS II""?","SELECT hora, GRUPO, DIA FROM escuela WHERE MATERIA = 'INGLÉS II'","CREATE TABLE escuela (
    CUATRIMESTRE INT,
    TURNO VARCHAR(255),
    IDCARRERAGRUPO VARCHAR(255),
    CARRERA VARCHAR(255),
    NO INT,
    PROFESOR VARCHAR(255),
    MATERIA VARCHAR(255),
    escuela VARCHAR(255),
    DIA VARCHAR(255),
    CANTIDAD  INT,
    GRUPO VARCHAR(255),
    GRUPO_EN_SISTEMA VARCHAR(255),
    AULA VARCHAR(255)
)"
"¿Cuál es la hora el grupo y el dia  de la materia ""INGLÉS V""?","SELECT hora, GRUPO, DIA FROM escuela WHERE MATERIA = 'INGLÉS V'","CREATE TABLE escuela (
    CUATRIMESTRE INT,
    TURNO VARCHAR(255),
    IDCARRERAGRUPO VARCHAR(255),
    CARRERA VARCHAR(255),
    NO INT,
    PROFESOR VARCHAR(255),
    MATERIA VARCHAR(255),
    escuela VARCHAR(255),
    DIA VARCHAR(255),
    CANTIDAD  INT,
    GRUPO VARCHAR(255),
    GRUPO_EN_SISTEMA VARCHAR(255),
    AULA VARCHAR(255)
)"
"¿Cuál es el profesor de la materia ""AMBIENTE FINANCIERO INTERNACIONAL""?",SELECT PROFESOR FROM escuela WHERE MATERIA = 'AMBIENTE FINANCIERO INTERNACIONAL',"CREATE TABLE escuela (
    CUATRIMESTRE INT,
    TURNO VARCHAR(255),
    IDCARRERAGRUPO VARCHAR(255),
    CARRERA VARCHAR(255),
    NO INT,
    PROFESOR VARCHAR(255),
    MATERIA VARCHAR(255),
    escuela VARCHAR(255),
    DIA VARCHAR(255),
    CANTIDAD  INT,
    GRUPO VARCHAR(255),
    GRUPO_EN_SISTEMA VARCHAR(255),
    AULA VARCHAR(255)
)"
"¿Cuál es el profesor de la materia ""ANÁLISIS Y FIJACIÓN DE PRECIOS""?",SELECT PROFESOR FROM escuela WHERE MATERIA = 'ANÁLISIS Y FIJACIÓN DE PRECIOS',"CREATE TABLE escuela (
    CUATRIMESTRE INT,
    TURNO VARCHAR(255),
    IDCARRERAGRUPO VARCHAR(255),
    CARRERA VARCHAR(255),
    NO INT,
    PROFESOR VARCHAR(255),
    MATERIA VARCHAR(255),
    escuela VARCHAR(255),
    DIA VARCHAR(255),
    CANTIDAD  INT,
    GRUPO VARCHAR(255),
    GRUPO_EN_SISTEMA VARCHAR(255),
    AULA VARCHAR(255)
)"
¿Qué materias se imparten los miércoles?,SELECT MATERIA FROM escuela WHERE DIA = 'MIERCOLES',"CREATE TABLE escuela (
    CUATRIMESTRE INT,
    TURNO VARCHAR(255),
    IDCARRERAGRUPO VARCHAR(255),
    CARRERA VARCHAR(255),
    NO INT,
    PROFESOR VARCHAR(255),
    MATERIA VARCHAR(255),
    escuela VARCHAR(255),
    DIA VARCHAR(255),
    CANTIDAD  INT,
    GRUPO VARCHAR(255),
    GRUPO_EN_SISTEMA VARCHAR(255),
    AULA VARCHAR(255)
)"
"¿Cuál es la hora y el profesor de la materia ""ADMINISTRACIÓN DE LAS TECNOLOGÍAS"" ?","SELECT hora, PROFESOR FROM escuela WHERE MATERIA = 'ADMINISTRACIÓN DE LAS TECNOLOGÍAS'","CREATE TABLE escuela (
    CUATRIMESTRE INT,
    TURNO VARCHAR(255),
    IDCARRERAGRUPO VARCHAR(255),
    CARRERA VARCHAR(255),
    NO INT,
    PROFESOR VARCHAR(255),
    MATERIA VARCHAR(255),
    escuela VARCHAR(255),
    DIA VARCHAR(255),
    CANTIDAD  INT,
    GRUPO VARCHAR(255),
    GRUPO_EN_SISTEMA VARCHAR(255),
    AULA VARCHAR(255)
)"
"Dime la hora el profesor y el aula de la materia de ""INGLÉS II"" ","SELECT hora, PROFESOR, AULA FROM escuela WHERE MATERIA = 'INGLÉS II'","CREATE TABLE escuela (
    CUATRIMESTRE INT,
    TURNO VARCHAR(255),
    IDCARRERAGRUPO VARCHAR(255),
    CARRERA VARCHAR(255),
    NO INT,
    PROFESOR VARCHAR(255),
    MATERIA VARCHAR(255),
    escuela VARCHAR(255),
    DIA VARCHAR(255),
    CANTIDAD  INT,
    GRUPO VARCHAR(255),
    GRUPO_EN_SISTEMA VARCHAR(255),
    AULA VARCHAR(255)
)"
"Dime la hora el profesor y el aula de la materia de ""ANÁLISIS DEL ENTORNO ECONÓMICO DE LOS NEGOCIOS"" ","SELECT hora , PROFESOR, AULA FROM escuela WHERE MATERIA = 'ANÁLISIS DEL ENTORNO ECONÓMICO DE LOS NEGOCIOS'","CREATE TABLE escuela (
    CUATRIMESTRE INT,
    TURNO VARCHAR(255),
    IDCARRERAGRUPO VARCHAR(255),
    CARRERA VARCHAR(255),
    NO INT,
    PROFESOR VARCHAR(255),
    MATERIA VARCHAR(255),
    escuela VARCHAR(255),
    DIA VARCHAR(255),
    CANTIDAD  INT,
    GRUPO VARCHAR(255),
    GRUPO_EN_SISTEMA VARCHAR(255),
    AULA VARCHAR(255)
)"
¿Qué materias se imparten los jueves en el aula del teams?,SELECT MATERIA FROM hora WHERE DIA = 'JUEVES' AND AULA = 'TEAMS',"CREATE TABLE escuela (
    CUATRIMESTRE INT,
    TURNO VARCHAR(255),
    IDCARRERAGRUPO VARCHAR(255),
    CARRERA VARCHAR(255),
    NO INT,
    PROFESOR VARCHAR(255),
    MATERIA VARCHAR(255),
    escuela VARCHAR(255),
    DIA VARCHAR(255),
    CANTIDAD  INT,
    GRUPO VARCHAR(255),
    GRUPO_EN_SISTEMA VARCHAR(255),
    AULA VARCHAR(255)
)"
¿Qué materias se imparten los sábados en el aula del auditorio?,SELECT MATERIA FROM escuela WHERE DIA = 'SABADO' AND AULA = 'AUDITORIO',"CREATE TABLE escuela (
    CUATRIMESTRE INT,
    TURNO VARCHAR(255),
    IDCARRERAGRUPO VARCHAR(255),
    CARRERA VARCHAR(255),
    NO INT,
    PROFESOR VARCHAR(255),
    MATERIA VARCHAR(255),
    escuela VARCHAR(255),
    DIA VARCHAR(255),
    CANTIDAD  INT,
    GRUPO VARCHAR(255),
    GRUPO_EN_SISTEMA VARCHAR(255),
    AULA VARCHAR(255)
)"
¿Qué profersores importen materia en el aula del auidtorio ?,"SELECT PROFESOR, hora FROM escuela WHERE AULA = 'AUDITORIO';","CREATE TABLE escuela (
    CUATRIMESTRE INT,
    TURNO VARCHAR(255),
    IDCARRERAGRUPO VARCHAR(255),
    CARRERA VARCHAR(255),
    NO INT,
    PROFESOR VARCHAR(255),
    MATERIA VARCHAR(255),
    escuela VARCHAR(255),
    DIA VARCHAR(255),
    CANTIDAD  INT,
    GRUPO VARCHAR(255),
    GRUPO_EN_SISTEMA VARCHAR(255),
    AULA VARCHAR(255)
)"
¿Qué materias se imparten los sábados en el aula del B6?,SELECT MATERIA FROM escuela WHERE DIA = 'SABADO' AND AULA = 'B6',"CREATE TABLE escuela (
    CUATRIMESTRE INT,
    TURNO VARCHAR(255),
    IDCARRERAGRUPO VARCHAR(255),
    CARRERA VARCHAR(255),
    NO INT,
    PROFESOR VARCHAR(255),
    MATERIA VARCHAR(255),
    escuela VARCHAR(255),
    DIA VARCHAR(255),
    CANTIDAD  INT,
    GRUPO VARCHAR(255),
    GRUPO_EN_SISTEMA VARCHAR(255),
    AULA VARCHAR(255)
)"
¿Qué profersores importen materia en el aula B2?,"SELECT PROFESOR, hora FROM escuela WHERE AULA = 'B2';","CREATE TABLE escuela (
    CUATRIMESTRE INT,
    TURNO VARCHAR(255),
    IDCARRERAGRUPO VARCHAR(255),
    CARRERA VARCHAR(255),
    NO INT,
    PROFESOR VARCHAR(255),
    MATERIA VARCHAR(255),
    escuela VARCHAR(255),
    DIA VARCHAR(255),
    CANTIDAD  INT,
    GRUPO VARCHAR(255),
    GRUPO_EN_SISTEMA VARCHAR(255),
    AULA VARCHAR(255)
)"
¿Quiénes son las materias y  profesores de segundo cuatrimestre turno matutino,"SELECT MATERIA, PROFESOR FROM escuela WHERE CUATRIMESTRE =2 AND TURNO = 'MATUTINO'","CREATE TABLE escuela (
    CUATRIMESTRE INT,
    TURNO VARCHAR(255),
    IDCARRERAGRUPO VARCHAR(255),
    CARRERA VARCHAR(255),
    NO INT,
    PROFESOR VARCHAR(255),
    MATERIA VARCHAR(255),
    escuela VARCHAR(255),
    DIA VARCHAR(255),
    CANTIDAD  INT,
    GRUPO VARCHAR(255),
    GRUPO_EN_SISTEMA VARCHAR(255),
    AULA VARCHAR(255)
)"
¿Quiénes son las materias y  profesores de segundo cuatrimestre turno sabatino,"SELECT MATERIA, PROFESOR FROM escuela WHERE CUATRIMESTRE =2 AND TURNO = 'SABATINO'","CREATE TABLE escuela (
    CUATRIMESTRE INT,
    TURNO VARCHAR(255),
    IDCARRERAGRUPO VARCHAR(255),
    CARRERA VARCHAR(255),
    NO INT,
    PROFESOR VARCHAR(255),
    MATERIA VARCHAR(255),
    escuela VARCHAR(255),
    DIA VARCHAR(255),
    CANTIDAD  INT,
    GRUPO VARCHAR(255),
    GRUPO_EN_SISTEMA VARCHAR(255),
    AULA VARCHAR(255)
)"
¿Quiénes son las materias y  profesores de quinto cuatrimestre turno matutino,"SELECT MATERIA, PROFESOR FROM escuela WHERE CUATRIMESTRE = 5 AND TURNO = 'MATUTINO'","CREATE TABLE escuela (
    CUATRIMESTRE INT,
    TURNO VARCHAR(255),
    IDCARRERAGRUPO VARCHAR(255),
    CARRERA VARCHAR(255),
    NO INT,
    PROFESOR VARCHAR(255),
    MATERIA VARCHAR(255),
    escuela VARCHAR(255),
    DIA VARCHAR(255),
    CANTIDAD  INT,
    GRUPO VARCHAR(255),
    GRUPO_EN_SISTEMA VARCHAR(255),
    AULA VARCHAR(255)
)"
¿Quiénes son las materias y  profesores de quinto cuatrimestre turno sabatino,"SELECT MATERIA, PROFESOR FROM escuela WHERE CUATRIMESTRE = 5 AND TURNO = 'SABATINO'","CREATE TABLE escuela (
    CUATRIMESTRE INT,
    TURNO VARCHAR(255),
    IDCARRERAGRUPO VARCHAR(255),
    CARRERA VARCHAR(255),
    NO INT,
    PROFESOR VARCHAR(255),
    MATERIA VARCHAR(255),
    escuela VARCHAR(255),
    DIA VARCHAR(255),
    CANTIDAD  INT,
    GRUPO VARCHAR(255),
    GRUPO_EN_SISTEMA VARCHAR(255),
    AULA VARCHAR(255)
)"
¿Quiénes son las materias y  profesores de octavo cuatrimestre turno matutino,"SELECT MATERIA, PROFESOR FROM escuela WHERE CUATRIMESTRE = '8' AND TURNO = 'MATUTINO'","CREATE TABLE escuela (
    CUATRIMESTRE INT,
    TURNO VARCHAR(255),
    IDCARRERAGRUPO VARCHAR(255),
    CARRERA VARCHAR(255),
    NO INT,
    PROFESOR VARCHAR(255),
    MATERIA VARCHAR(255),
    escuela VARCHAR(255),
    DIA VARCHAR(255),
    CANTIDAD  INT,
    GRUPO VARCHAR(255),
    GRUPO_EN_SISTEMA VARCHAR(255),
    AULA VARCHAR(255)
)"
¿Quiénes son las materias y  profesores de octavo cuatrimestre turno sabatino,"SELECT MATERIA, PROFESOR FROM escuela WHERE CUATRIMESTRE = 8 AND TURNO = 'SABATINO'","CREATE TABLE escuela (
    CUATRIMESTRE INT,
    TURNO VARCHAR(255),
    IDCARRERAGRUPO VARCHAR(255),
    CARRERA VARCHAR(255),
    NO INT,
    PROFESOR VARCHAR(255),
    MATERIA VARCHAR(255),
    escuela VARCHAR(255),
    DIA VARCHAR(255),
    CANTIDAD  INT,
    GRUPO VARCHAR(255),
    GRUPO_EN_SISTEMA VARCHAR(255),
    AULA VARCHAR(255)
)"
¿Qué aulas y que grupos se asignaron a Mercadotecnia?,"SELECT AULA, GRUPO FROM escuela WHERE MATERIA = 'MERCADOTECNIA'","CREATE TABLE escuela (
    CUATRIMESTRE INT,
    TURNO VARCHAR(255),
    IDCARRERAGRUPO VARCHAR(255),
    CARRERA VARCHAR(255),
    NO INT,
    PROFESOR VARCHAR(255),
    MATERIA VARCHAR(255),
    escuela VARCHAR(255),
    DIA VARCHAR(255),
    CANTIDAD  INT,
    GRUPO VARCHAR(255),
    GRUPO_EN_SISTEMA VARCHAR(255),
    AULA VARCHAR(255)
)"
¿Qué aulas y que grupos se asignaron a GLOBALIZACIÓN Y CAMBIO?,"SELECT AULA, GRUPO FROM escuela WHERE MATERIA = 'GLOBALIZACIÓN Y CAMBIO'","CREATE TABLE escuela (
    CUATRIMESTRE INT,
    TURNO VARCHAR(255),
    IDCARRERAGRUPO VARCHAR(255),
    CARRERA VARCHAR(255),
    NO INT,
    PROFESOR VARCHAR(255),
    MATERIA VARCHAR(255),
    escuela VARCHAR(255),
    DIA VARCHAR(255),
    CANTIDAD  INT,
    GRUPO VARCHAR(255),
    GRUPO_EN_SISTEMA VARCHAR(255),
    AULA VARCHAR(255)
)"
¿Qué aulas y que grupos se asignaron a Cálculo?,"SELECT AULA, GRUPO FROM escuela WHERE MATERIA = 'CÁLCULO'","CREATE TABLE escuela (
    CUATRIMESTRE INT,
    TURNO VARCHAR(255),
    IDCARRERAGRUPO VARCHAR(255),
    CARRERA VARCHAR(255),
    NO INT,
    PROFESOR VARCHAR(255),
    MATERIA VARCHAR(255),
    escuela VARCHAR(255),
    DIA VARCHAR(255),
    CANTIDAD  INT,
    GRUPO VARCHAR(255),
    GRUPO_EN_SISTEMA VARCHAR(255),
    AULA VARCHAR(255)
)"
"¿Dime la materia, profesor grupo y aula de segundo cuatrimestre turno sabatino?","SELECT MATERIA, PROFESOR,GRUPO, AULA FROM escuela WHERE CUATRIMESTRE = '2' AND TURNO = 'SABATINO'","CREATE TABLE escuela (
    CUATRIMESTRE INT,
    TURNO VARCHAR(255),
    IDCARRERAGRUPO VARCHAR(255),
    CARRERA VARCHAR(255),
    NO INT,
    PROFESOR VARCHAR(255),
    MATERIA VARCHAR(255),
    escuela VARCHAR(255),
    DIA VARCHAR(255),
    CANTIDAD  INT,
    GRUPO VARCHAR(255),
    GRUPO_EN_SISTEMA VARCHAR(255),
    AULA VARCHAR(255)
)"
"¿Dime la materia, profesor grupo y aula de cuartocuatrimestre turno sabatino?","SELECT MATERIA, PROFESOR,GRUPO, AULA FROM escuela WHERE CUATRIMESTRE = '4' AND TURNO = 'SABATINO'","CREATE TABLE escuela (
    CUATRIMESTRE INT,
    TURNO VARCHAR(255),
    IDCARRERAGRUPO VARCHAR(255),
    CARRERA VARCHAR(255),
    NO INT,
    PROFESOR VARCHAR(255),
    MATERIA VARCHAR(255),
    escuela VARCHAR(255),
    DIA VARCHAR(255),
    CANTIDAD  INT,
    GRUPO VARCHAR(255),
    GRUPO_EN_SISTEMA VARCHAR(255),
    AULA VARCHAR(255)
)"
"¿Dime la materia, profesor grupo y aula de quinto cuatrimestre turno sabatino?","SELECT MATERIA, PROFESOR,GRUPO, AULA FROM escuela WHERE CUATRIMESTRE = '5' AND TURNO = 'SABATINO'","CREATE TABLE escuela (
    CUATRIMESTRE INT,
    TURNO VARCHAR(255),
    IDCARRERAGRUPO VARCHAR(255),
    CARRERA VARCHAR(255),
    NO INT,
    PROFESOR VARCHAR(255),
    MATERIA VARCHAR(255),
    escuela VARCHAR(255),
    DIA VARCHAR(255),
    CANTIDAD  INT,
    GRUPO VARCHAR(255),
    GRUPO_EN_SISTEMA VARCHAR(255),
    AULA VARCHAR(255)
)"
"¿Dime la materia, profesor grupo y aula de octavo cuatrimestre turno sabatino?","SELECT MATERIA, PROFESOR,GRUPO, AULA FROM escuela WHERE CUATRIMESTRE = '8' AND TURNO = 'SABATINO'","CREATE TABLE escuela (
    CUATRIMESTRE INT,
    TURNO VARCHAR(255),
    IDCARRERAGRUPO VARCHAR(255),
    CARRERA VARCHAR(255),
    NO INT,
    PROFESOR VARCHAR(255),
    MATERIA VARCHAR(255),
    escuela VARCHAR(255),
    DIA VARCHAR(255),
    CANTIDAD  INT,
    GRUPO VARCHAR(255),
    GRUPO_EN_SISTEMA VARCHAR(255),
    AULA VARCHAR(255)
)"
¿Qué materia tiene asignada el profesor Erika Verónica Hernández Terán a las 14:30 los sábados?,"SELECT MATERIA, AULA, GRUPO FROM escuela WHERE PROFESOR = 'ERIKA VERONICA HERNANDEZ TERAN' AND hora = '14:30-16:00' AND DIA = 'SABADO'","CREATE TABLE escuela (
    CUATRIMESTRE INT,
    TURNO VARCHAR(255),
    IDCARRERAGRUPO VARCHAR(255),
    CARRERA VARCHAR(255),
    NO INT,
    PROFESOR VARCHAR(255),
    MATERIA VARCHAR(255),
    escuela VARCHAR(255),
    DIA VARCHAR(255),
    CANTIDAD  INT,
    GRUPO VARCHAR(255),
    GRUPO_EN_SISTEMA VARCHAR(255),
    AULA VARCHAR(255)
)"
¿Qué materia tiene asignada el profesor José Roderick Mireles Moreno a las 9:30 am los sábados?,"SELECT MATERIA, AULA, GRUPO FROM escuela WHERE PROFESOR = 'JOSE RODERICK MIRELES MORENO' AND hora = '9:30-11:00' AND DIA = 'SABADO'","CREATE TABLE escuela (
    CUATRIMESTRE INT,
    TURNO VARCHAR(255),
    IDCARRERAGRUPO VARCHAR(255),
    CARRERA VARCHAR(255),
    NO INT,
    PROFESOR VARCHAR(255),
    MATERIA VARCHAR(255),
    escuela VARCHAR(255),
    DIA VARCHAR(255),
    CANTIDAD  INT,
    GRUPO VARCHAR(255),
    GRUPO_EN_SISTEMA VARCHAR(255),
    AULA VARCHAR(255)
)"
